,ul,ll
SMD1,1.1768014780040137,0.6821460186382303
SMD2,1.151840035501268,0.07173910639024429
SMD3,2.01947476331701,2.300641694606528
SMD4,0.8869571977045602,0.16348817247213032
SMD5,6.972651749811109,0.7763412245482493
SMD7,0.96482215569446,123.58230747646395
SMD8,16.231516644247986,1.3120688045234674
