,ul,ll
SMD1,0.00962130737449407,0.009617401426278779
SMD2,0.924148725364254,25.11412574962205
SMD3,0.055366697540833225,0.07113210079569698
SMD4,0.25371727060660165,0.2647945730287562
SMD5,0.05183203840017788,0.13100197530314017
SMD6,0.7508439742223838,22.070488200869892
SMD7,0.928580890724362,25.96326312512627
SMD8,82.33049549268532,733.4747728380214
