,ul,ll
SMD1,0.014965819664342978,0.00875240084772619
SMD2,1.8048909532674354e-06,3.1818402099933453e-07
SMD3,0.5806474107350134,0.3765978198417228
SMD4,0.9160310623153856,1.053114242487789
SMD5,3.0257407587759435e-06,6.251579126322358e-06
SMD6,1.577041064033738e-06,7.248394946694129e-07
SMD7,2.5318589644251306e-06,6.343950306523007e-09
SMD8,1.3614259862210192,0.5250614300171828
